{
  "timestamp": "2026-02-09T01:16:48.895Z",
  "sampleSize": 100,
  "warmPoolHits": 0,
  "warmPoolMisses": 100,
  "bootTimes": [
    32.486916999999266,
    27.340500000000247,
    37.04133300000012,
    41.07970899999964,
    28.212125000000015,
    32.26116599999932,
    35.23791699999947,
    26.192958000000544,
    40.27670799999942,
    35.339082999999846,
    39.28283300000021,
    35.31604200000038,
    36.23737500000061,
    35.54600000000028,
    40.48795799999971,
    32.12062500000047,
    28.546250000000327,
    40.23020799999995,
    27.396582999999737,
    28.177416999999878,
    40.28049999999985,
    26.26733299999978,
    27.5147079999997,
    26.97437499999978,
    25.35383400000046,
    32.622040999999626,
    32.41095800000039,
    27.20612500000061,
    30.309957999999824,
    35.46766699999989,
    44.07183299999997,
    38.515041999999994,
    39.23158400000011,
    29.26404100000036,
    39.1162089999998,
    36.455292000000554,
    38.76745899999969,
    37.352750000000015,
    39.472999999999956,
    31.44079199999942,
    33.368124999999964,
    38.4512079999995,
    29.923791000000165,
    40.10808300000008,
    39.3764170000004,
    30.36499999999978,
    25.7157500000003,
    36.52070900000035,
    31.177459000000454,
    40.64183400000002,
    35.57795799999985,
    32.992083000001,
    28.39154199999939,
    28.364958000000115,
    31.274499999999534,
    37.5318329999991,
    26.417500000001382,
    34.489292000000205,
    30.5346669999999,
    42.71008299999994,
    32.325958999999784,
    32.23112500000025,
    31.490708999999697,
    38.6184170000015,
    38.065167000000656,
    40.464459000000716,
    41.92820799999936,
    32.76037499999984,
    25.748207999999067,
    27.06908300000032,
    26.831208000001425,
    31.84533300000112,
    37.25054199999977,
    27.25262500000099,
    37.52879199999916,
    32.762957999999344,
    40.64916600000106,
    37.41633299999921,
    31.80554100000154,
    34.561540999999124,
    36.756124999999884,
    40.53608299999905,
    27.444541999999274,
    29.365250000000742,
    35.41399999999885,
    39.28887500000019,
    44.88658300000134,
    41.46662500000093,
    29.465833999998722,
    28.797167000000627,
    32.144624999998996,
    33.22191700000076,
    26.943374999998923,
    32.478917000000365,
    37.44858299999942,
    41.47062499999993,
    29.818958000001658,
    36.44829100000061,
    33.65208299999904,
    31.558750000000146
  ],
  "allocationTimes": [],
  "creationTimes": [
    32.486916999999266,
    27.340500000000247,
    37.04133300000012,
    41.07970899999964,
    28.212125000000015,
    32.26116599999932,
    35.23791699999947,
    26.192958000000544,
    40.27670799999942,
    35.339082999999846,
    39.28283300000021,
    35.31604200000038,
    36.23737500000061,
    35.54600000000028,
    40.48795799999971,
    32.12062500000047,
    28.546250000000327,
    40.23020799999995,
    27.396582999999737,
    28.177416999999878,
    40.28049999999985,
    26.26733299999978,
    27.5147079999997,
    26.97437499999978,
    25.35383400000046,
    32.622040999999626,
    32.41095800000039,
    27.20612500000061,
    30.309957999999824,
    35.46766699999989,
    44.07183299999997,
    38.515041999999994,
    39.23158400000011,
    29.26404100000036,
    39.1162089999998,
    36.455292000000554,
    38.76745899999969,
    37.352750000000015,
    39.472999999999956,
    31.44079199999942,
    33.368124999999964,
    38.4512079999995,
    29.923791000000165,
    40.10808300000008,
    39.3764170000004,
    30.36499999999978,
    25.7157500000003,
    36.52070900000035,
    31.177459000000454,
    40.64183400000002,
    35.57795799999985,
    32.992083000001,
    28.39154199999939,
    28.364958000000115,
    31.274499999999534,
    37.5318329999991,
    26.417500000001382,
    34.489292000000205,
    30.5346669999999,
    42.71008299999994,
    32.325958999999784,
    32.23112500000025,
    31.490708999999697,
    38.6184170000015,
    38.065167000000656,
    40.464459000000716,
    41.92820799999936,
    32.76037499999984,
    25.748207999999067,
    27.06908300000032,
    26.831208000001425,
    31.84533300000112,
    37.25054199999977,
    27.25262500000099,
    37.52879199999916,
    32.762957999999344,
    40.64916600000106,
    37.41633299999921,
    31.80554100000154,
    34.561540999999124,
    36.756124999999884,
    40.53608299999905,
    27.444541999999274,
    29.365250000000742,
    35.41399999999885,
    39.28887500000019,
    44.88658300000134,
    41.46662500000093,
    29.465833999998722,
    28.797167000000627,
    32.144624999998996,
    33.22191700000076,
    26.943374999998923,
    32.478917000000365,
    37.44858299999942,
    41.47062499999993,
    29.818958000001658,
    36.44829100000061,
    33.65208299999904,
    31.558750000000146
  ],
  "percentiles": {
    "p50": 33.22191700000076,
    "p95": 41.46662500000093,
    "p99": 44.07183299999997
  },
  "warmPoolHitRate": 0,
  "targetMet": true,
  "summary": {
    "targetP95Ms": 100,
    "targetMet": true,
    "recommendation": "Boot time target achieved. Ready for GA."
  }
}